<?xml version="1.0" encoding="UTF-8"?>
<beans xmlns="http://www.springframework.org/schema/beans" xmlns:xsi="http://www.w3.org/2001/XMLSchema-instance" xmlns:context="http://www.springframework.org/schema/context" xmlns:mvc="http://www.springframework.org/schema/mvc"
xsi:schemaLocation="http://www.springframework.org/schema/beans http://www.springframework.org/schema/beans/spring-beans.xsd http://www.springframework.org/schema/context http://www.springframework.org/schema/context/spring-context.xsd http://www.springframework.org/schema/mvc http://www.springframework.org/schema/mvc/spring-mvc.xsd">

<context:component-scan base-package="com.yash.controller"></context:component-scan>

<mvc:annotation-driven></mvc:annotation-driven>
<bean id="viewResolver" class="org.springframework.web.servlet.view.InternalResourceViewResolver">
  <property name="prefix" value="/WEB-INF/view/"></property>
   <property name="suffix" value=".jsp"></property>
</bean>

<bean id="ds" class="org.springframework.jdbc.datasource.DriverManagerDataSource">
 <property name="driverClassName" value="com.mysql.cj.jdbc.Driver"></property>
 <property name="url" value="jdbc:mysql://localhost:3306/assignment_11_04"></property>
 <property name="username" value="root"></property>
 <property name="password" value="root"></property>
</bean>


<bean id="jdbc" class="org.springframework.jdbc.core.JdbcTemplate">
<property name="dataSource" ref="ds"></property>
</bean>

<bean id="admindao" class="com.yash.dao.AdminDAO">
  <property name="objJdbc" ref="jdbc"></property>
</bean>
 <bean id="user" class="com.yash.dao.UserDAO">
  <property name="usrjdbc" ref="jdbc"></property>
</bean>


</beans>